[
  {
    "upc": "12345",
    "report_start_date": "2025-01-01",
    "report_end_date": "2025-03-31",
    "acv_weighted_ros_distribution_pct": 78.5,
    "acv_weighted_ros_sales": 152000,
    "acv_weighted_ros_units": 8450,
    "associated_category_spend": 290000,
    "associated_category_spend_per_transaction": 18.2,
    "associated_retailer_spend": 132000,
    "associated_retailer_spend_per_transaction": 14.1,
    "average_price_per_unit": 4.9,
    "basket_penetration_pct": 26.8,
    "category_share_spend_pct": 19.4,
    "category_share_units_pct": 17.9,
    "customer_penetration_pct": 13.6,
    "customers": 8800,
    "discontinued_products_sales_value": 6500,
    "frequency_of_purchase": 2.9,
    "loyal_penetration_pct": 9.2,
    "repeat_rate_pct": 68.3,
    "new_products_sales_value": 8700,
    "number_of_products": 24,
    "retailer_customers": 6100,
    "retailer_transactions": 7900,
    "sales_per_store": 2650,
    "sales_unit_continuous_products": 7900,
    "sales_units": 8650,
    "sales_value": 168000,
    "stores_selling": 245,
    "transactions": 10100,
    "spend_per_customer": 19.1,
    "spend_per_loyal_customer": 27.3,
    "spend_per_transaction": 16.6,
    "units_per_customer": 1.8,
    "units_per_store": 35.3,
    "units_per_transaction": 1.2
  }
]
